Rk,Player,Age,Pos,Tm,GP,G,A,PTS,+/-,PIM,EV,PP,SH,GW,EV,PP,SH,S,S%,TOI,ATOI,BLK,HIT,FOW,FOL,FO%
1,Alex Ovechkin\ovechal01,30,LW,WSH,79,50,21,71,21,53,31,19,0,8,16,5,0,398,12.6,1604,20:19,34,225,0,0,
2,Patrick Kane\kanepa01,27,RW,CHI,82,46,60,106,17,30,29,17,0,9,40,20,0,287,16.0,1674,20:25,21,37,11,40,21.6
3,Jamie Benn\bennja01,26,LW,DAL,82,41,48,89,7,64,22,17,2,5,32,13,3,247,16.6,1642,20:01,55,156,226,252,47.3
4,Vladimir Tarasenko\tarasvl01,24,RW,STL,80,40,34,74,7,37,28,12,0,7,22,12,0,292,13.7,1491,18:38,28,32,0,1,0.0
5,Joe Pavelski\paveljo01,31,C,SJS,82,38,40,78,25,30,26,12,0,11,24,16,0,224,17.0,1625,19:49,67,147,516,422,55.0
6,Brad Marchand\marchbr03,27,LW,BOS,77,37,24,61,21,90,27,6,4,6,20,2,2,250,14.8,1432,18:36,35,65,21,35,37.5
7,Sidney Crosby\crosbsi01,28,C,PIT,80,36,49,85,19,42,26,10,0,9,35,14,0,248,14.5,1638,20:28,35,90,986,921,51.7
8,Steven Stamkos\stamkst01,25,C,TBL,77,36,28,64,3,38,21,14,1,8,17,9,2,216,16.7,1521,19:45,35,109,463,464,49.9
9,Corey Perry\perryco01,30,RW,ANA,82,34,28,62,2,68,22,12,0,6,16,12,0,215,15.8,1452,17:42,36,104,2,8,20.0
10,Tyler Seguin\seguity01,24,C,DAL,72,33,40,73,2,16,26,7,0,6,23,17,0,278,11.9,1400,19:27,27,80,470,376,55.6
11,John Tavares\tavarjo01,25,C,NYI,78,33,37,70,6,38,26,7,0,5,25,12,0,250,13.2,1560,19:00,29,51,741,629,54.1
12,Filip Forsberg\forsbfi01,21,LW,NSH,82,33,31,64,1,47,24,8,1,3,16,15,0,247,13.4,1562,19:03,41,114,2,7,22.2
13,Jason Spezza\spezzja01,32,C,DAL,75,33,30,63,4,22,24,9,0,7,15,15,0,202,16.3,1239,16:31,20,9,538,443,54.8
14,Patrice Bergeron\bergepa01,30,C,BOS,80,32,36,68,12,49,19,12,1,6,21,13,2,282,11.3,1587,19:50,56,77,1130,848,57.1
15,Wayne Simmonds\simmowa01,27,RW,PHI,81,32,28,60,-7,147,19,13,0,5,20,8,0,229,14.0,1396,17:14,44,192,5,2,71.4
16,James Neal\nealja01,28,RW,NSH,82,31,27,58,27,65,27,4,0,3,17,10,0,268,11.6,1564,19:04,31,113,8,19,29.6
17,Tyler Toffoli\toffoty01,23,C,LAK,82,31,27,58,35,20,21,9,1,4,25,2,0,213,14.6,1420,17:19,19,70,0,4,0.0
18,Brandon Saad\saadbr01,23,LW,CBJ,78,31,22,53,1,14,25,6,0,7,19,2,1,233,13.3,1343,17:13,25,43,19,15,55.9
19,John Gaudreau\gaudrjo01,22,LW,CGY,79,30,48,78,4,20,24,6,0,6,33,15,0,217,13.8,1575,19:56,10,26,2,3,40.0
20,Artemi Panarin\panarar01,24,LW,CHI,80,30,47,77,8,32,22,8,0,7,31,16,0,187,16.0,1482,18:31,14,46,0,0,
21,Nikita Kucherov\kucheni01,22,RW,TBL,77,30,36,66,9,30,21,9,0,4,20,16,0,209,14.4,1402,18:13,28,61,0,1,0.0
22,Max Pacioretty\pacioma01,27,LW,MTL,82,30,34,64,-10,34,21,8,1,6,25,9,0,303,9.9,1519,18:32,37,102,6,7,46.2
23,Loui Eriksson\erikslo01,30,RW,BOS,82,30,33,63,13,12,18,10,2,5,25,7,1,184,16.3,1598,19:29,34,22,12,9,57.1
24,Matt Duchene\duchema01,25,C,COL,76,30,29,59,-8,24,22,8,0,6,22,7,0,200,15.0,1413,18:35,37,41,428,311,57.9
25,Kyle Palmieri\palmiky01,24,RW,NJD,82,30,27,57,3,39,19,11,0,4,15,12,0,222,13.5,1460,17:48,51,129,10,17,37.0
26,Alex Galchenyuk\galchal01,21,C,MTL,82,30,26,56,-8,20,21,9,0,4,19,7,0,201,14.9,1333,16:16,36,62,359,390,47.9
27,Adam Henrique\henriad01,25,C,NJD,80,30,20,50,10,23,21,7,2,8,14,5,1,149,20.1,1586,19:50,56,66,617,764,44.7
28,Boone Jenner\jennebo01,22,C,CBJ,82,30,19,49,-15,77,20,9,1,3,14,5,0,225,13.3,1346,16:25,71,213,156,138,53.1
29,Mark Scheifele\scheima01,22,C,WPG,71,29,32,61,16,48,22,7,0,3,28,4,0,194,14.9,1317,18:33,36,53,515,651,44.2
30,Mike Hoffman\hoffmmi02,26,LW,OTT,78,29,30,59,1,18,20,9,0,3,26,4,0,242,12.0,1368,17:33,29,22,8,10,44.4
31,Daniel Sedin\sedinda01,35,LW,VAN,82,28,33,61,7,36,20,8,0,6,21,11,1,258,10.9,1503,18:20,19,20,5,14,26.3
32,Aleksander Barkov\barkoal01,20,C,FLA,66,28,31,59,18,8,18,9,1,8,23,7,1,171,16.4,1282,19:26,39,43,569,587,49.2
33,Jonathan Toews\toewsjo01,27,C,CHI,80,28,30,58,16,62,18,6,4,8,24,3,3,179,15.6,1540,19:15,38,81,921,652,58.6
34,Jeff Skinner\skinnje01,23,LW,CAR,82,28,23,51,-1,38,24,4,0,7,20,3,0,258,10.9,1336,16:17,17,21,20,27,42.6
35,Shane Doan\doansh01,39,RW,ARI,72,28,19,47,4,98,16,12,0,4,14,5,0,170,16.5,1267,17:36,15,115,74,69,51.7
36,Brent Burns\burnsbr01,30,D,SJS,82,27,48,75,-5,53,19,7,1,4,24,23,1,353,7.6,2121,25:52,145,101,1,0,100.0
37,Jaromir Jagr\jagrja01,43,RW,FLA,79,27,39,66,23,48,22,5,0,4,33,6,0,143,18.9,1349,17:05,16,31,0,1,0.0
38,Sean Monahan\monahse01,21,C,CGY,81,27,36,63,-6,18,20,7,0,5,23,13,0,197,13.7,1552,19:10,37,38,887,852,51.0
39,Derick Brassard\brassde01,28,C,NYR,80,27,31,58,12,30,19,8,0,5,17,14,0,182,14.8,1431,17:53,23,103,676,670,50.2
40,Evgeni Malkin\malkiev01,29,C,PIT,57,27,31,58,1,65,16,11,0,6,15,16,0,162,16.7,1104,19:22,19,27,317,438,42.0
41,Cam Atkinson\atkinca01,26,RW,CBJ,81,27,26,53,-8,22,21,4,2,3,20,6,0,226,11.9,1442,17:48,40,47,2,2,50.0
42,Blake Wheeler\wheelbl01,29,RW,WPG,82,26,52,78,8,49,21,3,2,5,36,14,2,256,10.2,1623,19:47,56,92,10,18,35.7
43,Taylor Hall\hallta02,24,LW,EDM,82,26,39,65,-4,54,22,4,0,6,31,8,0,286,9.1,1575,19:12,50,82,14,25,35.9
44,Mats Zuccarello\zuccama01,28,RW,NYR,81,26,35,61,2,34,19,7,0,4,24,11,0,166,15.7,1497,18:29,69,88,5,6,45.5
45,Phil Kessel\kesseph01,28,RW,PIT,82,26,33,59,9,18,22,4,0,5,20,13,0,274,9.5,1507,18:23,13,9,2,3,40.0
46,Brayden Schenn\schenbr01,24,C,PHI,80,26,33,59,3,33,15,11,0,5,22,11,0,178,14.6,1352,16:54,30,187,52,64,44.8
47,T.J. Oshie\oshietj01,29,RW,WSH,80,26,25,51,16,34,15,11,0,5,19,6,0,185,14.1,1517,18:58,62,134,138,124,52.7
48,Brock Nelson\nelsobr01,24,LW,NYI,81,26,14,40,-3,30,23,3,0,3,12,2,0,165,15.8,1280,15:48,50,59,186,202,47.9
49,Anze Kopitar\kopitan01,28,C,LAK,81,25,49,74,34,16,19,5,1,8,34,13,2,177,14.1,1690,20:52,65,78,950,826,53.5
50,Zach Parise\parisza01,31,LW,MIN,70,25,28,53,-3,36,18,7,0,7,17,11,0,234,10.7,1350,19:18,42,71,0,4,0.0
51,Vincent Trocheck\trochvi01,22,C,FLA,76,25,28,53,15,44,20,4,1,4,19,9,0,174,14.4,1351,17:46,41,125,547,559,49.5
52,Reilly Smith\smithre01,24,RW,FLA,82,25,25,50,19,31,20,5,0,3,18,6,1,173,14.5,1526,18:37,39,85,0,2,0.0
53,Patrick Marleau\marlepa01,36,LW,SJS,82,25,23,48,-22,10,13,11,1,5,9,14,0,216,11.6,1560,19:02,36,64,267,258,50.9
54,Jordan Eberle\eberljo01,25,RW,EDM,69,25,22,47,-12,14,18,7,0,4,18,4,0,173,14.5,1232,17:51,23,28,5,3,62.5
55,Andrew Ladd\laddan01,30,LW,TOT,78,25,21,46,-13,45,13,10,2,3,17,4,0,181,13.8,1475,18:55,42,155,8,5,61.5
56,Zack Smith\smithza01,27,C,OTT,81,25,11,36,16,80,16,4,5,4,9,1,1,121,20.7,1247,15:24,26,175,380,349,52.1
57,Jeff Carter\carteje01,31,C,LAK,77,24,38,62,18,20,19,4,1,6,29,8,1,242,9.9,1416,18:23,39,89,598,630,48.7
58,Jack Eichel\eicheja01,19,C,BUF,81,24,32,56,-16,22,16,8,0,5,19,13,0,238,10.1,1549,19:07,25,43,402,578,41.0
59,Mark Stone\stonema01,23,RW,OTT,75,23,38,61,-4,38,17,5,1,1,26,10,2,151,15.2,1508,20:06,54,55,8,11,42.1
60,Scott Hartnell\hartnsc01,33,LW,CBJ,79,23,26,49,-11,112,13,10,0,1,24,2,0,150,15.3,1231,15:35,41,131,0,3,0.0
61,Dylan Larkin\larkidy01,19,C,DET,80,23,22,45,11,34,19,4,0,5,21,1,0,221,10.4,1324,16:33,25,65,41,59,41.0
62,Sam Reinhart\reinhsa01,20,C,BUF,79,23,19,42,-8,8,15,8,0,3,17,2,0,165,13.9,1330,16:50,26,26,36,72,33.3
63,Claude Giroux\giroucl01,28,C,PHI,78,22,45,67,-8,53,15,6,1,5,23,21,1,241,9.1,1603,20:33,36,83,1083,798,57.6
64,Kyle Okposo\okposky01,27,RW,NYI,79,22,42,64,-4,51,15,7,0,4,26,16,0,202,10.9,1438,18:12,39,90,23,40,36.5
65,Bobby Ryan\ryanbo01,28,RW,OTT,81,22,34,56,-9,28,16,6,0,2,24,10,0,183,12.0,1391,17:10,24,106,3,8,27.3
66,Derek Stepan\stepade01,25,C,NYR,72,22,31,53,5,20,14,5,3,5,22,9,0,192,11.5,1278,17:45,39,38,515,589,46.6
67,Justin Williams\williju01,34,RW,WSH,82,22,30,52,15,36,19,3,0,3,23,6,1,201,10.9,1366,16:39,43,32,57,52,52.3
68,Patric Hornqvist\hornqpa01,29,RW,PIT,82,22,29,51,15,36,13,9,0,3,23,6,0,257,8.6,1382,16:51,54,160,5,3,62.5
69,Jarome Iginla\iginlja01,38,RW,COL,82,22,25,47,-22,41,9,13,0,3,19,6,0,182,12.1,1301,15:52,45,70,61,54,53.0
70,J.T. Miller\millejt01,22,C,NYR,82,22,21,43,10,46,20,2,0,5,19,2,0,135,16.3,1233,15:02,48,174,68,89,43.3
71,Jamie McGinn\mcginja01,27,LW,TOT,84,22,17,39,-7,33,13,9,0,5,14,3,0,156,14.1,1201,14:18,27,164,4,3,57.1
72,Jannik Hansen\hanseja01,29,RW,VAN,67,22,16,38,16,32,20,1,1,5,16,0,0,117,18.8,1101,16:26,19,39,6,15,28.6
73,Ryan O'Reilly\oreilry01,24,C,BUF,71,21,39,60,-16,8,12,8,1,2,25,14,0,157,13.4,1543,21:44,43,17,1024,788,56.5
74,Mark Giordano\giordma01,32,D,CGY,82,21,35,56,-5,54,11,9,1,2,23,10,2,212,9.9,2032,24:47,193,65,0,0,
75,Oliver Ekman-Larsson\ekmanol01,24,D,ARI,75,21,34,55,-6,96,9,12,0,8,19,15,0,228,9.2,1858,24:46,67,154,0,0,
76,Ryan Kesler\keslery01,31,C,ANA,79,21,32,53,5,78,15,5,1,4,22,10,0,164,12.8,1543,19:32,92,168,980,695,58.5
77,Nathan MacKinnon\mackina01,20,C,COL,72,21,31,52,-4,20,14,7,0,6,21,9,1,245,8.6,1358,18:52,53,46,507,540,48.4
78,Mika Zibanejad\zibanmi01,22,C,OTT,81,21,30,51,-2,18,17,2,2,7,21,9,0,184,11.4,1439,17:46,43,111,659,647,50.5
79,Victor Rask\raskvi01,22,C,CAR,80,21,27,48,-6,24,16,5,0,5,14,13,0,160,13.1,1359,16:59,34,32,479,456,51.2
80,Mikael Backlund\backlmi01,26,C,CGY,82,21,26,47,10,28,15,3,3,4,19,6,1,155,13.5,1347,16:26,51,68,539,604,47.2
81,Tomas Hertl\hertlto01,22,C,SJS,81,21,25,46,16,26,18,3,0,3,21,4,0,202,10.4,1294,15:58,60,90,256,201,56.0
82,David Backes\backeda01,31,C,STL,79,21,24,45,4,83,13,8,0,3,19,5,0,168,12.5,1519,19:14,63,239,620,572,52.0
83,Tomas Tatar\tatarto01,25,LW,DET,81,21,24,45,4,24,14,7,0,3,16,8,0,165,12.7,1162,14:21,18,74,6,18,25.0
84,Chris Kreider\kreidch01,24,LW,NYR,79,21,22,43,10,58,16,5,0,3,19,3,0,158,13.3,1261,15:57,33,177,5,1,83.3
85,Joel Ward\wardjo02,35,RW,SJS,79,21,22,43,-15,28,15,5,1,3,14,7,1,138,15.2,1341,16:58,53,68,237,255,48.2
86,Charlie Coyle\coylech01,23,C,MIN,82,21,21,42,1,16,19,2,0,4,16,4,1,140,15.0,1419,17:18,60,130,228,274,45.4
87,Drew Stafford\staffdr01,30,RW,WPG,78,21,17,38,-23,28,14,6,1,6,12,3,2,187,11.2,1394,17:52,15,59,51,50,50.5
88,Craig Smith\smithcr01,26,RW,NSH,82,21,16,37,4,40,19,2,0,6,13,3,0,199,10.6,1245,15:11,18,84,76,154,33.0
89,Evgeny Kuznetsov\kuzneev01,23,C,WSH,82,20,57,77,27,32,15,5,0,4,44,13,0,193,10.4,1428,17:25,29,73,543,594,47.8
90,Nicklas Backstrom\backsni02,28,C,WSH,75,20,50,70,17,36,17,3,0,4,23,27,0,129,15.5,1439,19:11,50,51,659,698,48.6
91,Jonathan Huberdeau\huberjo01,22,LW,FLA,76,20,39,59,17,43,15,4,1,2,30,9,0,174,11.5,1379,18:09,36,53,7,11,38.9
92,Milan Lucic\lucicmi01,27,LW,LAK,81,20,35,55,26,79,18,2,0,5,29,6,0,124,16.1,1396,17:14,22,244,7,13,35.0
93,Patrick Sharp\sharppa01,34,LW,DAL,76,20,35,55,-3,27,13,7,0,6,18,17,0,226,8.8,1339,17:37,24,76,16,17,48.5
94,Gabriel Landeskog\landega01,23,LW,COL,75,20,33,53,-5,69,15,4,1,2,21,10,2,169,11.8,1419,18:56,66,141,31,25,55.4
95,Frans Nielsen\nielsfr01,31,C,NYI,81,20,32,52,1,12,11,7,2,2,19,13,0,181,11.0,1435,17:43,92,35,586,583,50.1
96,Shea Weber\webersh01,30,D,NSH,78,20,31,51,-7,27,6,14,0,1,18,12,1,189,10.6,1979,25:23,160,169,0,0,
97,Jordan Staal\staaljo01,27,C,CAR,82,20,28,48,6,34,14,6,0,4,22,4,2,151,13.2,1501,18:18,31,165,806,589,57.8
98,Anthony Duclair\duclaan01,20,LW,ARI,81,20,24,44,12,49,12,8,0,2,20,4,0,105,19.0,1164,14:22,27,27,0,1,0.0
99,Nino Niederreiter\niedeni01,23,RW,MIN,82,20,23,43,9,36,18,2,0,1,20,3,0,159,12.6,1275,15:33,19,129,11,16,40.7
100,Rickard Rakell\rakelri01,22,C,ANA,72,20,23,43,-1,19,16,4,0,7,17,6,0,169,11.8,1157,16:04,30,121,197,254,43.7
101,Artem Anisimov\anisiar01,27,C,CHI,77,20,22,42,8,12,12,5,3,1,16,5,1,121,16.5,1393,18:05,40,53,507,641,44.2
102,P.A. Parenteau\parenpi01,32,RW,TOR,77,20,21,41,0,68,13,7,0,3,17,4,0,168,11.9,1252,16:16,26,48,4,14,22.2
103,Jason Chimera\chimeja01,36,LW,WSH,82,20,20,40,0,22,14,4,2,3,15,5,0,165,12.1,1152,14:03,13,103,8,20,28.6
104,Jakob Silfverberg\silfvja01,25,RW,ANA,82,20,19,39,8,32,18,2,0,2,16,2,1,215,9.3,1392,16:58,58,87,4,16,20.0
105,Evander Kane\kaneev01,24,LW,BUF,65,20,15,35,-14,91,17,2,1,3,11,4,0,271,7.4,1367,21:02,23,171,62,62,50.0
106,Joe Thornton\thornjo01,36,C,SJS,82,19,63,82,25,54,11,8,0,6,42,21,0,121,15.7,1506,18:22,30,48,399,353,53.1
107,Dustin Byfuglien\byfugdu01,30,D,WPG,81,19,34,53,4,119,15,3,1,6,19,14,1,247,7.7,2041,25:12,105,222,0,0,
108,Leon Draisaitl\draisle01,20,C,EDM,72,19,32,51,-2,20,14,5,0,2,28,4,0,133,14.3,1300,18:03,18,38,502,536,48.4
109,Lee Stempniak\stemple01,32,RW,TOT,82,19,32,51,4,38,15,3,1,4,23,9,0,146,13.0,1471,17:57,34,113,2,11,15.4
110,Joe Colborne\colbojo01,26,C,CGY,73,19,25,44,-9,27,16,3,0,2,23,2,0,100,19.0,1107,15:10,28,122,85,70,54.8
111,Jean-Gabriel Pageau\pageaje01,23,C,OTT,82,19,24,43,17,26,11,1,7,2,21,1,2,133,14.3,1370,16:42,60,166,614,563,52.2
112,Justin Abdelkader\abdelju01,28,LW,DET,82,19,23,42,-16,120,13,6,0,4,16,7,0,155,12.3,1512,18:26,44,207,5,9,35.7
113,Brendan Gallagher\gallabr01,23,RW,MTL,53,19,21,40,13,24,12,7,0,0,18,3,0,173,11.0,879,16:35,25,43,12,17,41.4
114,Leo Komarov\komarle01,29,C,TOR,67,19,17,36,-12,40,14,4,1,2,14,3,0,130,14.6,1195,17:50,27,283,62,65,48.8
115,Jussi Jokinen\jokinju01,32,LW,FLA,81,18,42,60,25,42,12,5,1,1,34,7,1,153,11.8,1482,18:17,50,43,135,127,51.5
116,Max Domi\domima01,20,LW,ARI,81,18,34,52,3,72,15,3,0,0,21,12,1,156,11.5,1326,16:22,25,34,20,35,36.4
117,Thomas Vanek\vanekth01,32,LW,MIN,74,18,23,41,-9,22,12,6,0,5,15,8,0,146,12.3,1155,15:37,17,18,12,26,31.6
118,Troy Brouwer\brouwtr01,30,RW,STL,82,18,21,39,2,62,11,7,0,4,18,3,0,142,12.7,1394,16:00,52,200,65,49,57.0
119,Robby Fabbri\fabbrro01,20,C,STL,72,18,19,37,-2,25,16,2,0,3,13,6,0,114,15.8,959,13:19,9,51,6,9,40.0
120,Sam Bennett\bennesa01,19,C,CGY,77,18,18,36,-11,37,15,3,0,2,13,5,0,136,13.2,1166,15:09,32,110,160,187,46.1
121,David Krejci\krejcda01,29,C,BOS,72,17,46,63,4,32,13,4,0,3,29,14,3,143,11.9,1462,20:18,57,43,560,557,50.1
122,Mikko Koivu\koivumi01,32,C,MIN,82,17,39,56,6,40,6,10,1,2,28,10,1,141,12.1,1634,19:56,57,38,988,771,56.2
123,Alex Steen\steenal01,31,LW,STL,67,17,35,52,3,48,14,2,1,2,16,19,0,172,9.9,1365,20:22,35,50,159,198,44.5
124,Mikkel Boedker\boedkmi01,26,LW,TOT,80,17,34,51,-33,12,14,3,0,5,18,16,0,166,10.2,1481,18:30,31,50,1,2,33.3
125,Brandon Dubinsky\dubinbr01,29,C,CBJ,75,17,31,48,-16,71,12,5,0,3,26,5,0,158,10.8,1407,18:46,40,235,780,704,52.6
126,Shayne Gostisbehere\gostish01,22,D,PHI,64,17,29,46,8,24,9,8,0,5,15,14,0,152,11.2,1286,20:05,59,27,1,0,100.0
127,Marcus Johansson\johanma03,25,LW,WSH,74,17,29,46,12,16,11,6,0,7,21,8,0,132,12.9,1231,16:38,24,38,128,150,46.0
128,Nazem Kadri\kadrina01,25,C,TOR,76,17,28,45,-15,73,13,4,0,2,18,10,0,260,6.5,1389,18:16,43,148,641,663,49.2
129,Gustav Nyquist\nyquigu01,26,RW,DET,82,17,26,43,-2,34,10,7,0,3,21,5,0,161,10.6,1244,15:10,19,58,0,2,0.0
130,Bryan Little\littlbr01,28,C,WPG,57,17,25,42,-13,12,13,2,2,2,15,10,0,127,13.4,1117,19:36,22,48,674,640,51.3
131,Chris Kunitz\kunitch01,36,LW,PIT,80,17,23,40,29,41,15,2,0,1,19,4,0,150,11.3,1346,16:49,33,264,5,6,45.5
132,Andre Burakovsky\burakan01,20,LW,WSH,79,17,21,38,4,12,17,0,0,1,17,4,0,126,13.5,1029,13:01,24,37,17,20,45.9
133,Antoine Vermette\vermean01,33,C,ARI,76,17,21,38,-14,93,10,6,1,2,11,10,0,123,13.8,1265,16:39,57,55,754,597,55.8
134,Erik Karlsson\karlser01,25,D,OTT,82,16,66,82,-2,50,15,1,0,3,41,25,0,248,6.5,2375,28:58,175,84,0,1,0.0
135,Kris Letang\letankr01,28,D,PIT,71,16,51,67,9,66,11,5,0,2,26,22,3,218,7.3,1913,26:57,122,135,0,0,
136,Pavel Datsyuk\datsypa01,37,C,DET,66,16,33,49,7,14,8,8,0,1,21,12,0,181,8.8,1297,19:39,33,70,599,517,53.7
137,Connor McDavid\mcdavco01,19,C,EDM,45,16,32,48,-1,18,13,3,0,5,21,11,0,105,15.2,850,18:53,10,12,249,355,41.2
138,Jiri Hudler\hudleji01,32,C,TOT,72,16,30,46,-1,27,13,3,0,1,23,7,0,109,14.7,1135,15:46,7,28,11,15,42.3
139,Bo Horvat\horvabo01,20,C,VAN,82,16,24,40,-30,18,12,4,0,4,16,8,0,155,10.3,1405,17:08,53,69,760,733,50.9
140,Ondrej Palat\palaton01,24,LW,TBL,62,16,24,40,10,20,13,1,2,4,17,6,1,117,13.7,1111,17:55,39,108,2,6,25.0
141,Justin Faulk\faulkju01,23,D,CAR,64,16,21,37,-22,27,4,12,0,4,16,5,0,184,8.7,1539,24:03,65,109,0,1,0.0
142,Cody Eakin\eakinco01,24,C,DAL,82,16,19,35,3,42,11,2,3,1,16,2,1,132,12.1,1342,16:22,47,98,567,621,47.7
143,Matt Cullen\cullema01,39,C,PIT,82,16,16,32,5,20,13,0,3,4,13,0,3,118,13.6,1138,13:53,41,40,582,462,55.7
144,Calle Jarnkrok\jarnkca01,24,C,NSH,81,16,14,30,1,14,12,3,1,4,13,1,0,125,12.8,1307,16:08,24,35,366,433,45.8
145,Nikolaj Ehlers\ehlerni01,19,RW,WPG,72,15,23,38,3,21,11,4,0,0,16,7,0,167,9.0,1159,16:06,25,29,0,2,0.0
146,Kris Versteeg\verstkr01,29,RW,TOT,77,15,23,38,0,45,13,2,0,4,16,7,0,156,9.6,1185,15:23,32,20,8,8,50.0
147,Matt Beleskey\belesma01,27,LW,BOS,80,15,22,37,6,65,12,3,0,1,18,4,0,168,8.9,1269,15:51,44,260,6,19,24.0
148,Logan Couture\coutulo01,26,C,SJS,52,15,21,36,2,20,10,5,0,4,11,10,0,137,10.9,904,17:23,38,29,271,305,47.0
149,Aaron Ekblad\ekblaaa01,19,D,FLA,78,15,21,36,18,41,12,3,0,4,15,6,0,182,8.2,1691,21:41,59,87,0,0,
150,Anders Lee\leean01,25,LW,NYI,80,15,21,36,-2,51,7,8,0,3,15,6,0,183,8.2,1166,14:35,31,164,1,5,16.7
151,Rick Nash\nashri01,31,LW,NYR,60,15,21,36,8,30,11,4,0,4,18,2,1,183,8.2,1016,16:56,24,69,0,1,0.0
152,Tanner Pearson\pearsta01,23,LW,LAK,79,15,21,36,11,18,13,2,0,4,19,2,0,137,10.9,1142,14:28,34,104,8,17,32.0
153,Nick Bjugstad\bjugsni01,23,C,FLA,67,15,19,34,-8,41,9,6,0,3,10,9,0,171,8.8,1039,15:31,28,87,449,419,51.7
154,Michael Frolik\frolimi01,27,RW,CGY,64,15,17,32,1,24,13,0,2,4,14,1,2,155,9.7,1012,15:49,44,49,5,5,50.0
155,Mattias Janmark\janmama02,23,C,DAL,73,15,14,29,12,16,14,0,1,3,13,1,0,108,13.9,1035,14:10,21,4,94,166,36.2
156,Sven Baertschi\baertsv01,23,LW,VAN,69,15,13,28,-14,14,13,2,0,1,8,5,0,108,13.9,929,13:27,36,30,0,1,0.0
157,David Pastrnak\pastrda01,19,RW,BOS,51,15,11,26,3,20,15,0,0,2,10,1,0,108,13.9,711,13:57,15,52,0,3,0.0
158,Cal Clutterbuck\cluttca01,28,RW,NYI,77,15,8,23,7,22,13,0,2,5,7,0,1,80,18.8,918,11:55,34,288,1,2,33.3
159,Roman Josi\josiro01,25,D,NSH,81,14,47,61,-3,43,7,6,1,3,28,18,1,198,7.1,2064,25:29,185,59,0,0,
160,Ryan Johansen\johanry01,23,C,TOT,80,14,46,60,6,61,10,4,0,2,28,18,0,185,7.6,1405,17:34,30,115,652,594,52.3
161,Tomas Plekanec\plekato01,33,C,MTL,82,14,40,54,4,36,13,1,0,1,28,12,0,189,7.4,1520,18:32,46,60,804,811,49.8
162,Drew Doughty\doughdr01,26,D,LAK,82,14,37,51,24,52,4,9,1,3,21,15,1,197,7.1,2297,28:01,105,125,0,0,
163,Brent Seabrook\seabrbr01,30,D,CHI,81,14,35,49,6,32,8,6,0,3,16,19,0,167,8.4,1849,22:49,150,121,0,0,
164,Kevin Shattenkirk\shattke01,27,D,STL,72,14,30,44,-14,51,8,6,0,1,9,20,1,180,7.8,1614,22:25,113,82,0,0,
165,Teddy Purcell\purcete01,30,RW,TOT,76,14,29,43,-11,12,12,2,0,2,20,8,1,149,9.4,1279,16:50,15,31,2,4,33.3
166,Travis Zajac\zajactr01,30,C,NJD,74,14,28,42,3,25,6,6,2,2,16,11,1,111,12.6,1469,19:51,41,65,715,672,51.6
167,Alex Killorn\killoal01,26,C,TBL,81,14,26,40,14,44,11,3,0,3,22,3,1,154,9.1,1360,16:48,23,76,31,49,38.8
168,Carl Hagelin\hagelca01,27,LW,TOT,80,14,25,39,8,32,14,0,0,6,23,0,2,178,7.9,1257,15:42,33,84,6,8,42.9
169,Mike Cammalleri\cammami01,33,LW,NJD,42,14,24,38,15,18,11,3,0,1,17,7,0,101,13.9,810,19:17,13,15,7,7,50.0
170,Tyler Johnson\johnsty01,25,C,TBL,69,14,24,38,4,20,11,3,0,7,14,10,0,167,8.4,1183,17:08,25,46,479,507,48.6
171,Tobias Rieder\riedeto01,23,RW,ARI,82,14,23,37,-21,10,12,2,0,1,16,6,1,189,7.4,1419,17:18,43,54,10,19,34.5
172,Kevin Hayes\hayeske01,23,RW,NYR,79,14,22,36,4,30,11,3,0,3,19,3,0,133,10.5,1079,13:40,23,59,137,244,36.0
173,Benoit Pouliot\poulibe01,29,LW,EDM,55,14,22,36,-6,30,8,5,1,0,18,4,0,109,12.8,883,16:03,25,35,20,29,40.8
174,Vladislav Namestnikov\namesvl01,23,C,TBL,80,14,21,35,17,45,13,1,0,2,18,3,0,106,13.2,1129,14:07,33,49,175,216,44.8
175,Erik Haula\haulaer01,24,C,MIN,76,14,20,34,21,24,12,0,2,2,17,1,2,99,14.1,967,12:44,55,57,416,365,53.3
176,Andrew Shaw\shawan01,24,RW,CHI,78,14,20,34,11,69,10,4,0,2,16,4,0,153,9.2,1143,14:39,21,148,146,168,46.5
177,Brandon Pirri\pirribr01,24,C,TOT,61,14,15,29,-4,30,11,3,0,3,8,7,0,128,10.9,886,14:31,14,66,66,77,46.2
178,James van Riemsdyk\vanrija01,26,LW,TOR,40,14,15,29,3,6,9,5,0,0,11,4,0,129,10.9,711,17:46,7,52,1,1,50.0
179,Dale Weise\weiseda01,27,RW,TOT,71,14,13,27,4,24,11,3,0,1,10,3,0,136,10.3,952,13:25,26,127,16,19,45.7
180,Tomas Fleischmann\fleisto01,31,LW,TOT,76,14,11,25,-8,32,13,0,1,3,10,1,0,123,11.4,1156,15:13,19,40,24,19,55.8
181,Riley Sheahan\sheahri01,24,C,DET,81,14,11,25,-8,12,10,3,1,2,10,1,0,128,10.9,1234,15:14,40,72,358,424,45.8
182,Devante Smith-Pelly\smithde06,23,RW,TOT,64,14,11,25,-3,30,14,0,0,5,10,1,0,94,14.9,787,12:18,23,105,2,3,40.0
183,Ryan Getzlaf\getzlry01,30,C,ANA,77,13,50,63,14,55,7,6,0,5,33,16,1,178,7.3,1502,19:30,61,108,602,617,49.4
184,Henrik Zetterberg\zettehe01,35,LW,DET,82,13,37,50,-15,24,11,2,0,3,17,20,0,214,6.1,1592,19:25,26,54,539,536,50.1
185,Tyson Barrie\barrity01,24,D,COL,78,13,36,49,-16,31,9,3,1,5,17,18,1,172,7.6,1810,23:12,84,37,0,0,
186,Ryan Spooner\spoonry01,24,C,BOS,80,13,36,49,-9,35,7,6,0,4,25,11,0,162,8.0,1211,15:08,19,53,304,407,42.8
187,Mikael Granlund\granlmi01,23,C,MIN,82,13,31,44,-12,20,10,2,1,3,22,9,0,160,8.1,1486,18:07,56,86,528,556,48.7
188,Martin Hanzal\hanzama01,28,C,ARI,64,13,28,41,-5,77,9,3,1,2,18,10,0,141,9.2,1139,17:48,28,126,586,462,55.9
189,Ales Hemsky\hemskal01,32,RW,DAL,75,13,26,39,3,20,12,1,0,0,22,4,0,155,8.4,983,13:06,26,25,2,4,33.3
190,Eric Staal\staaler01,31,C,TOT,83,13,26,39,-3,34,12,1,0,0,20,6,0,199,6.5,1540,18:33,33,74,446,396,53.0
191,Teuvo Teravainen\teravte01,21,C,CHI,78,13,22,35,-2,20,11,2,0,3,14,7,1,136,9.6,1197,15:21,31,24,125,184,40.5
192,Marian Hossa\hossama01,37,RW,CHI,64,13,20,33,10,24,8,2,3,2,12,7,1,191,6.8,1105,17:16,33,37,0,2,0.0
193,Michael Raffl\rafflmi01,27,LW,PHI,82,13,18,31,9,30,12,1,0,4,17,1,0,132,9.8,1173,14:18,34,135,33,49,40.2
194,Kyle Turris\turriky01,26,C,OTT,57,13,17,30,-15,32,10,3,0,2,11,5,1,122,10.7,1123,19:42,31,44,536,508,51.3
195,Jimmy Hayes\hayesji01,26,RW,BOS,75,13,16,29,-12,60,10,3,0,0,14,2,0,127,10.2,1037,13:50,15,128,42,70,37.5
196,Antoine Roussel\roussan01,26,LW,DAL,80,13,16,29,11,123,13,0,0,6,14,1,1,111,11.7,1109,13:51,58,123,15,20,42.9
197,Oscar Lindberg\lindbos02,24,C,NYR,68,13,15,28,12,43,12,1,0,2,13,2,0,114,11.4,828,12:11,36,132,134,143,48.4
198,Radim Vrbata\vrbatra01,34,RW,VAN,63,13,14,27,-30,12,8,5,0,0,10,4,0,199,6.5,1011,16:03,12,15,4,10,28.6
199,Lars Eller\ellerla01,26,C,MTL,79,13,13,26,-13,28,11,1,1,2,13,0,0,149,8.7,1205,15:15,36,111,207,202,50.6
200,Darren Helm\helmda01,29,C,DET,77,13,13,26,-2,32,13,0,0,3,13,0,0,165,7.9,1160,15:04,26,115,39,38,50.6
201,Mike Fisher\fishemi01,35,C,NSH,70,13,10,23,-14,29,10,3,0,2,7,2,1,98,13.3,1201,17:10,74,142,668,582,53.4
202,Jason Zucker\zuckeja01,24,LW,MIN,71,13,10,23,-5,20,12,0,1,1,7,2,1,158,8.2,1106,15:35,33,83,1,1,50.0
203,Brian Boyle\boylebr01,31,C,TBL,76,13,7,20,-7,57,9,2,2,4,6,1,0,117,11.1,981,12:55,48,115,346,336,50.7
204,Carl Soderberg\soderca01,30,C,COL,82,12,39,51,-7,32,8,3,1,0,27,11,1,163,7.4,1477,18:01,71,27,338,381,47.0
205,Dougie Hamilton\hamildo01,22,D,CGY,82,12,31,43,-14,46,7,5,0,3,20,11,0,190,6.3,1621,19:46,106,78,0,0,
206,Nick Foligno\foligni01,28,LW,CBJ,72,12,25,37,-14,53,12,0,0,2,12,13,0,149,8.1,1216,16:54,46,152,83,93,47.2
207,Blake Comeau\comeabl01,29,LW,COL,81,12,24,36,-9,58,8,2,2,3,18,6,0,142,8.5,1428,17:38,35,173,276,290,48.8
208,David Perron\perroda01,27,LW,TOT,71,12,24,36,-1,62,8,4,0,1,16,8,0,147,8.2,1080,15:13,23,142,2,8,20.0
209,Tyler Bozak\bozakty01,29,C,TOR,57,12,23,35,-9,18,9,3,0,1,16,7,0,99,12.1,988,17:20,24,46,597,462,56.4
210,Ryan Nugent-Hopkins\nugenry01,22,C,EDM,55,12,22,34,-9,18,8,4,0,1,15,7,0,108,11.1,1048,19:04,36,39,369,454,44.8
211,Brian Gionta\giontbr01,37,RW,BUF,79,12,21,33,-5,12,11,1,0,2,16,5,0,169,7.1,1401,17:44,36,46,54,66,45.0
212,Josh Bailey\bailejo01,26,RW,NYI,81,12,20,32,-7,22,8,4,0,2,19,1,0,105,11.4,1284,15:51,25,45,14,20,41.2
213,Shawn Matthias\matthsh01,27,C,TOT,71,12,16,28,-17,20,12,0,0,2,15,0,1,101,11.9,959,13:31,39,68,9,15,37.5
214,Patrick Maroon\maroopa01,27,LW,TOT,72,12,15,27,-7,88,7,5,0,1,12,3,0,104,11.5,888,12:20,10,151,17,36,32.1
215,Vernon Fiddler\fiddlve01,35,C,DAL,82,12,10,22,5,31,9,1,2,0,7,1,2,98,12.2,954,11:38,39,42,455,442,50.7
216,Marian Gaborik\gaborma01,33,RW,LAK,54,12,10,22,-6,20,11,1,0,3,7,3,0,142,8.5,807,14:57,17,29,1,2,33.3
217,Henrik Sedin\sedinhe01,35,C,VAN,74,11,44,55,0,24,5,5,1,0,29,15,0,99,11.1,1360,18:23,19,9,620,727,46.0
218,Jakub Voracek\voracja01,26,RW,PHI,73,11,44,55,-5,38,10,1,0,2,22,22,0,213,5.2,1357,18:35,34,51,3,3,50.0
219,Sean Couturier\coutuse01,23,C,PHI,63,11,28,39,8,30,9,2,0,1,22,5,1,119,9.2,1172,18:36,30,31,537,568,48.6
220,Elias Lindholm\lindhel01,21,C,CAR,82,11,28,39,-23,24,9,2,0,3,14,14,0,176,6.3,1485,18:07,45,112,213,221,49.1
221,Joonas Donskoi\donskjo01,23,RW,SJS,76,11,25,36,4,20,8,3,0,1,20,5,0,107,10.3,1076,14:09,46,31,2,1,66.7
222,Jason Pominville\pominja01,33,RW,MIN,75,11,25,36,10,12,8,3,0,2,18,7,0,187,5.9,1227,16:22,31,31,37,45,45.1
223,Brad Richardson\richabr02,30,RW,ARI,82,11,20,31,8,46,11,0,0,3,20,0,0,117,9.4,1281,15:37,53,57,523,438,54.4
224,David Desharnais\deshada01,29,C,MTL,65,11,18,29,-6,20,8,3,0,4,16,2,0,90,12.2,1040,16:00,25,31,391,412,48.7
225,Jared Spurgeon\spurgja01,26,D,MIN,77,11,18,29,10,14,6,5,0,2,7,8,3,122,9.0,1746,22:41,157,51,0,0,
226,Dustin Brown\browndu01,31,RW,LAK,82,11,17,28,-5,30,9,2,0,0,15,1,1,218,5.0,1326,16:10,20,234,8,9,47.1
227,Erik Johnson\johnser01,27,D,COL,73,11,16,27,-19,50,6,3,2,0,12,3,1,175,6.3,1711,23:27,197,126,0,1,0.0
228,Matt Read\readma01,29,RW,PHI,79,11,15,26,-5,27,9,2,0,2,10,5,0,127,8.7,1205,15:15,60,81,24,26,48.0
229,Matt Calvert\calvema01,26,LW,CBJ,73,11,13,24,1,51,10,1,0,1,13,0,0,114,9.6,1104,15:08,46,91,7,7,50.0
230,Colton Sceviour\scevico01,26,C,DAL,71,11,12,23,6,21,10,1,0,1,9,2,1,125,8.8,900,12:40,52,71,9,15,37.5
231,Torrey Mitchell\mitchto01,31,C,MTL,71,11,8,19,2,51,10,0,1,3,6,0,2,69,15.9,901,12:41,38,67,370,347,51.6
232,Paul Byron\byronpa01,26,C,MTL,62,11,7,18,-9,11,8,0,3,2,5,0,2,50,22.0,853,13:46,25,112,3,2,60.0
233,David Jones\jonesda01,31,RW,TOT,75,11,7,18,-7,10,10,1,0,2,7,0,0,84,13.1,933,12:26,33,147,17,17,50.0
234,Patrick Eaves\eavespa01,31,RW,DAL,54,11,6,17,-5,27,6,5,0,2,4,2,0,86,12.8,700,12:58,20,70,3,8,27.3
235,Ryan White\whitery01,27,C,PHI,73,11,5,16,-9,101,8,3,0,0,5,0,0,88,12.5,917,12:34,51,208,184,167,52.4
236,Joffrey Lupul\lupuljo01,32,LW,TOR,46,11,3,14,-10,12,9,2,0,2,1,2,0,102,10.8,673,14:37,14,58,0,4,0.0
237,John Klingberg\klingjo01,23,D,DAL,76,10,48,58,22,30,8,2,0,4,28,20,0,171,5.8,1724,22:41,68,44,0,0,
238,Paul Stastny\stastpa01,30,C,STL,64,10,39,49,3,26,8,2,0,2,27,12,0,103,9.7,1226,19:09,40,32,684,536,56.1
239,Victor Hedman\hedmavi01,25,D,TBL,78,10,37,47,21,46,9,1,0,0,26,10,1,180,5.6,1799,23:04,132,62,0,0,
240,Ryan Ellis\ellisry01,25,D,NSH,79,10,22,32,13,35,6,3,1,2,18,4,0,152,6.6,1651,20:54,100,61,0,0,
241,Alec Martinez\martial01,28,D,LAK,78,10,21,31,16,40,6,4,0,4,11,9,1,124,8.1,1650,21:09,182,164,0,0,
242,Jesper Fast\fastje01,24,RW,NYR,79,10,20,30,9,18,10,0,0,3,20,0,0,75,13.3,1180,14:56,55,109,1,5,16.7
243,Ryan Callahan\callary01,30,RW,TBL,73,10,18,28,-5,45,8,2,0,1,16,2,0,156,6.4,1258,17:14,71,164,21,15,58.3
244,Hampus Lindholm\lindhha01,22,D,ANA,80,10,18,28,7,40,5,4,1,1,7,11,0,149,6.7,1760,22:00,115,68,0,0,
245,Brad Richards\richabr01,35,C,DET,68,10,18,28,4,8,6,4,0,1,8,10,0,164,6.1,1006,14:48,12,16,124,126,49.6
246,Cody Ceci\cecico01,22,D,OTT,75,10,16,26,9,18,10,0,0,2,14,2,0,116,8.6,1448,19:18,130,70,0,0,
247,Mathew Dumba\dumbama01,21,D,MIN,81,10,16,26,1,38,4,6,0,3,10,6,0,152,6.6,1364,16:50,56,83,0,0,
248,Mark Letestu\letesma01,30,C,EDM,82,10,15,25,-21,10,5,3,2,0,5,9,1,107,9.3,1294,15:47,33,68,596,566,51.3
249,Dan Boyle\boyleda01,39,D,NYR,74,10,14,24,0,30,7,3,0,0,7,7,0,95,10.5,1392,18:49,105,66,0,0,
250,Joakim Nordstrom\nordsjo02,23,LW,CAR,71,10,14,24,1,12,9,0,1,1,14,0,0,81,12.3,1109,15:38,32,98,6,4,60.0
251,Marcus Foligno\foligma01,24,LW,BUF,75,10,13,23,4,79,8,0,2,2,11,2,0,81,12.3,989,13:11,44,193,1,3,25.0
252,Lauri Korpikoski\korpila01,29,LW,EDM,71,10,12,22,-17,10,7,2,1,2,8,4,0,88,11.4,989,13:56,56,100,18,16,52.9
253,John Mitchell\mitchjo01,31,C,COL,71,10,11,21,-7,52,10,0,0,3,10,1,0,101,9.9,1082,15:15,65,85,415,434,48.9
254,Melker Karlsson\karlsme01,25,C,SJS,65,10,9,19,5,16,10,0,0,1,9,0,0,96,10.4,879,13:31,48,76,11,12,47.8
255,Matt Martin\martima02,26,LW,NYI,80,10,9,19,2,119,10,0,0,1,9,0,0,86,11.6,845,10:33,24,365,1,3,25.0
256,Vincent Lecavalier\lecavvi01,35,C,TOT,49,10,8,18,0,22,4,6,0,0,7,1,0,67,14.9,649,13:14,22,62,297,288,50.8
257,Johan Larsson\larssjo02,23,LW,BUF,74,10,7,17,-4,27,9,1,0,5,4,3,0,95,10.5,1097,14:49,33,113,388,371,51.1
258,Patrik Berglund\berglpa01,27,C,STL,42,10,5,15,1,16,6,4,0,5,5,0,0,80,12.5,651,15:29,17,48,139,138,50.2
259,Duncan Keith\keithdu01,32,D,CHI,67,9,34,43,13,26,5,4,0,4,19,14,1,130,6.9,1691,25:14,116,16,0,1,0.0
260,Mathieu Perreault\perrema01,28,C,WPG,71,9,32,41,-11,36,3,6,0,1,23,9,0,133,6.8,1175,16:33,33,83,94,109,46.3
261,Rasmus Ristolainen\ristora01,21,D,BUF,82,9,32,41,-21,33,5,4,0,1,15,17,0,202,4.5,2073,25:17,137,139,0,0,
262,Sami Vatanen\vatansa01,24,D,ANA,71,9,29,38,8,20,5,4,0,2,14,15,0,140,6.4,1513,21:19,105,85,0,0,
263,Zdeno Chara\charazd01,38,D,BOS,80,9,28,37,12,71,8,1,0,3,17,9,2,158,5.7,1928,24:06,123,134,0,1,0.0
264,Morgan Rielly\riellmo01,21,D,TOR,82,9,27,36,-17,28,6,2,1,0,21,6,0,167,5.4,1905,23:14,122,58,0,0,
265,Jori Lehtera\lehtejo01,28,C,STL,79,9,25,34,12,38,8,1,0,3,17,8,0,83,10.8,1271,16:05,26,43,485,484,50.1
266,Ryan McDonagh\mcdonry01,26,D,NYR,73,9,25,34,26,22,7,2,0,0,17,7,1,113,8.0,1632,22:21,138,98,1,0,100.0
267,Anton Stralman\stralan01,29,D,TBL,73,9,25,34,16,20,8,1,0,0,14,11,0,127,7.1,1612,22:05,73,99,0,0,
268,Colton Parayko\parayco01,22,D,STL,79,9,24,33,28,29,6,3,0,3,20,4,0,165,5.5,1532,19:23,122,102,0,0,
269,Andrew Cogliano\coglian01,28,LW,ANA,82,9,23,32,2,28,7,0,2,3,22,0,1,131,6.9,1183,14:26,27,124,6,11,35.3
270,Nick Bonino\boninni01,27,C,PIT,63,9,20,29,13,31,6,2,1,0,20,0,0,97,9.3,998,15:50,67,22,463,455,50.4
271,Valeri Nichushkin\nichuva01,20,RW,DAL,79,9,20,29,2,12,8,1,0,1,19,1,0,139,6.5,1101,13:56,33,68,0,1,0.0
272,Peter Holland\hollape01,25,C,TOR,65,9,18,27,-16,28,4,5,0,1,12,6,0,138,6.5,953,14:40,19,78,216,249,46.5
273,Tyler Myers\myersty01,25,D,WPG,73,9,18,27,6,72,9,0,0,0,15,2,1,140,6.4,1651,22:37,95,54,0,1,0.0
274,Kevin Klein\kleinke01,31,D,NYR,69,9,17,26,16,19,9,0,0,4,16,1,0,69,13.0,1407,20:23,155,117,0,0,
275,Johnny Boychuk\boychjo01,32,D,NYI,70,9,16,25,17,31,8,1,0,1,12,4,0,165,5.5,1496,21:22,140,149,0,0,
276,Brett Connolly\connobr01,23,RW,BOS,71,9,16,25,-1,20,7,2,0,2,13,3,0,95,9.5,920,12:58,36,137,14,17,45.2
277,Mikhail Grabovski\grabomi01,32,C,NYI,58,9,16,25,3,33,8,1,0,2,14,2,0,83,10.8,818,14:06,26,28,221,242,47.7
278,Jordan Martinook\martijo01,23,LW,ARI,81,9,15,24,-9,18,8,0,1,2,13,1,1,109,8.3,1230,15:11,40,52,18,15,54.5
279,Andrej Nestrasil\nestran01,24,C,CAR,55,9,14,23,4,8,7,2,0,1,14,0,0,105,8.6,789,14:21,13,27,8,17,32.0
280,Alexandre Burrows\burroal01,34,RW,VAN,79,9,13,22,-13,49,7,2,0,0,9,4,0,135,6.7,1198,15:10,33,81,10,12,45.5
281,Nikolai Kulemin\kulemni01,29,LW,NYI,81,9,13,22,13,22,9,0,0,3,13,0,0,92,9.8,1139,14:04,50,107,23,36,39.0
282,Riley Nash\nashri02,26,C,CAR,64,9,13,22,-5,18,7,2,0,1,9,4,0,76,11.8,829,12:57,21,58,193,197,49.5
283,William Karlsson\karlswi01,23,C,CBJ,81,9,11,20,-9,6,9,0,0,1,11,0,0,108,8.3,1172,14:28,48,40,416,495,45.7
284,Viktor Stalberg\stalbvi01,30,LW,NYR,75,9,11,20,6,22,9,0,0,0,11,0,0,125,7.2,915,12:12,33,144,2,4,33.3
285,Michael Grabner\grabnmi01,28,RW,TOR,80,9,9,18,-4,12,8,0,1,2,9,0,0,116,7.8,1158,14:28,55,41,3,10,23.1
286,Jared McCann\mccanja01,19,C,VAN,69,9,9,18,-6,32,8,1,0,1,7,2,0,106,8.5,864,12:31,19,45,181,341,34.7
287,Mike Santorelli\santomi01,30,C,ANA,70,9,9,18,-4,8,8,1,0,1,7,2,0,81,11.1,706,10:06,20,28,75,83,47.5
288,Andreas Athanasiou\athanan01,21,C,DET,37,9,5,14,1,5,8,0,1,1,5,0,0,53,17.0,334,9:01,8,17,53,76,41.1
289,Ryan Suter\suterry01,31,D,MIN,82,8,43,51,10,30,4,3,1,2,24,18,1,188,4.3,2345,28:36,142,69,0,0,
290,Jake Muzzin\muzzija01,26,D,LAK,82,8,32,40,7,64,7,1,0,1,19,12,1,203,3.9,1891,23:04,135,197,0,0,
291,Alexander Wennberg\wennbal01,21,C,CBJ,69,8,32,40,-1,2,7,1,0,1,21,11,0,97,8.2,1094,15:52,46,32,400,522,43.4
292,John Carlson\carlsjo01,26,D,WSH,56,8,31,39,16,14,6,2,0,4,18,12,1,124,6.5,1327,23:42,114,46,0,0,
293,Marc-Edouard Vlasic\vlasima01,28,D,SJS,67,8,31,39,15,48,6,2,0,0,21,8,2,116,6.9,1550,23:08,129,47,0,2,0.0
294,Mattias Ekholm\ekholma01,25,D,NSH,82,8,27,35,14,44,6,1,1,3,22,4,1,114,7.0,1660,20:15,106,67,0,0,
295,Alex Tanguay\tangual01,36,LW,TOT,70,8,27,35,8,32,7,1,0,1,18,8,1,71,11.3,1105,15:47,36,22,3,2,60.0
296,Francois Beauchemin\beaucfr01,35,D,COL,82,8,26,34,-7,38,6,2,0,2,15,9,2,127,6.3,2057,25:05,256,78,0,0,
297,Valtteri Filppula\filppva01,31,C,TBL,76,8,23,31,-6,46,6,1,1,2,16,7,0,101,7.9,1388,18:15,25,30,632,584,52.0
298,Casey Cizikas\cizikca01,24,C,NYI,80,8,22,30,4,31,7,0,1,4,20,0,2,84,9.5,1015,12:41,62,158,469,490,48.9
299,Dmitry Orlov\orlovdm01,24,D,WSH,82,8,21,29,8,26,8,0,0,3,19,2,0,90,8.9,1314,16:02,61,121,0,0,
300,Ryan Strome\stromry01,22,RW,NYI,71,8,20,28,-9,28,7,1,0,0,17,3,0,132,6.1,1112,15:39,19,77,39,56,41.1
301,Brad Boyes\boyesbr01,33,RW,TOR,60,8,16,24,-6,12,6,2,0,1,13,3,0,85,9.4,718,11:58,17,20,9,5,64.3
302,Nail Yakupov\yakupna01,22,RW,EDM,60,8,15,23,-16,24,7,1,0,1,10,5,0,127,6.3,853,14:13,21,54,0,1,0.0
303,J.T. Brown\brownjt01,25,RW,TBL,78,8,14,22,16,59,8,0,0,0,12,0,2,140,5.7,1042,13:22,40,103,23,27,46.0
304,Jaden Schwartz\schwaja01,23,LW,STL,33,8,14,22,8,8,7,1,0,1,10,4,0,63,12.7,568,17:12,21,26,15,17,46.9
305,Luke Glendening\glendlu01,26,C,DET,81,8,13,21,4,46,8,0,0,3,13,0,0,88,9.1,1181,14:35,71,143,614,511,54.6
306,Matt Moulson\moulsma01,32,LW,BUF,81,8,13,21,-5,16,6,2,0,1,8,5,0,111,7.2,964,11:54,23,45,0,5,0.0
307,Danny DeKeyser\dekeyda01,25,D,DET,78,8,12,20,2,44,8,0,0,3,12,0,0,72,11.1,1701,21:48,107,88,0,0,
308,Chris Stewart\stewach02,28,RW,ANA,56,8,12,20,2,73,7,1,0,1,8,4,0,78,10.3,605,10:48,10,72,3,6,33.3
309,Reid Boucher\bouchre01,22,LW,NJD,39,8,11,19,-13,6,6,2,0,4,7,4,0,74,10.8,557,14:16,14,32,1,2,33.3
310,Jay Beagle\beaglja01,30,RW,WSH,57,8,9,17,0,24,8,0,0,1,9,0,0,74,10.8,799,14:01,24,55,370,267,58.1
311,Matthew Nieto\nietoma01,23,LW,SJS,67,8,9,17,-8,10,6,0,2,1,8,1,0,90,8.9,882,13:10,33,33,2,6,25.0
312,Viktor Arvidsson\arvidvi01,22,LW,NSH,56,8,8,16,-8,35,7,1,0,3,8,0,0,139,5.8,694,12:24,35,27,0,0,
313,Sam Gagner\gagnesa01,26,C,PHI,53,8,8,16,4,25,6,2,0,2,7,1,0,86,9.3,735,13:52,15,17,34,63,35.1
314,Trevor Lewis\lewistr01,29,C,LAK,75,8,8,16,-10,20,7,0,1,1,7,1,0,167,4.8,1092,14:34,28,168,103,154,40.1
315,Sergey Kalinin\kalinse01,24,C,NJD,78,8,7,15,-9,33,5,3,0,2,7,0,0,70,11.4,1039,13:20,30,146,134,188,41.6
316,Alex Chiasson\chiasal01,25,RW,OTT,77,8,6,14,2,45,5,2,1,1,6,0,0,88,9.1,1050,13:38,28,103,3,2,60.0
317,Eric Fehr\fehrer01,30,C,PIT,55,8,6,14,0,19,4,0,4,2,5,1,0,74,10.8,718,13:03,45,60,107,135,44.2
318,Jack Skille\skillja01,28,RW,COL,74,8,6,14,-4,11,8,0,0,0,6,0,0,106,7.5,654,8:50,25,97,4,15,21.1
319,Andrew Desjardins\desjaan01,29,LW,CHI,77,8,5,13,-8,30,8,0,0,1,5,0,0,96,8.3,1030,13:23,49,102,43,44,49.4
320,Cody McLeod\mcleoco01,31,LW,COL,82,8,5,13,1,138,7,1,0,1,5,0,0,73,11.0,864,10:32,28,240,1,0,100.0
321,Chris Terry\terrych01,26,LW,CAR,68,8,3,11,-12,16,8,0,0,0,3,0,0,78,10.3,767,11:16,21,82,1,8,11.1
322,Frank Vatrano\vatrafr01,21,C,BOS,39,8,3,11,-3,14,8,0,0,1,3,0,0,99,8.1,463,11:53,23,61,0,3,0.0
323,Andy Andreoff\andrean01,24,LW,LAK,60,8,2,10,1,76,8,0,0,1,2,0,0,46,17.4,528,8:48,11,82,134,134,50.0
324,Bobby Farnham\farnhbo01,27,RW,TOT,53,8,2,10,-2,97,8,0,0,0,2,0,0,50,16.0,494,9:19,19,93,2,2,50.0
325,Mike Ribeiro\ribeimi01,35,C,NSH,81,7,43,50,11,62,5,2,0,0,30,13,0,76,9.2,1413,17:27,20,61,288,472,37.9
326,Alex Pietrangelo\pietral01,26,D,STL,73,7,30,37,10,20,6,1,0,1,25,4,1,182,3.8,1920,26:18,136,48,0,0,
327,Mike Green\greenmi03,30,D,DET,74,7,28,35,-6,38,2,5,0,0,13,15,0,124,5.6,1463,19:46,71,106,0,2,0.0
328,Jake Gardiner\gardija01,25,D,TOR,79,7,24,31,-15,32,6,1,0,2,12,11,1,122,5.7,1629,20:37,67,87,2,0,100.0
329,Zach Bogosian\bogosza01,25,D,BUF,64,7,17,24,-11,68,4,3,0,1,13,3,1,121,5.8,1430,22:21,98,86,0,0,
330,Jason Demers\demerja01,27,D,DAL,62,7,16,23,16,72,3,3,1,1,14,2,0,94,7.4,1294,20:52,73,86,0,0,
331,Tom Wilson\wilsoto01,21,RW,WSH,82,7,16,23,3,163,7,0,0,1,14,1,1,99,7.1,1059,12:55,48,253,8,6,57.1
332,Alexander Burmistrov\burmial01,24,C,WPG,81,7,14,21,-11,32,7,0,0,2,12,1,1,102,6.9,1310,16:10,35,125,205,307,40.0
333,Scott Laughton\laughsc01,21,C,PHI,71,7,14,21,-2,34,7,0,0,0,14,0,0,85,8.2,741,10:26,29,86,170,218,43.8
334,Chris Tierney\tiernch01,21,C,SJS,79,7,13,20,-16,20,5,1,1,2,13,0,0,96,7.3,1042,13:12,39,24,368,437,45.7
335,Zemgus Girgensons\girgeze01,22,C,BUF,71,7,11,18,0,20,6,1,0,1,9,1,1,110,6.4,1068,15:02,41,125,153,182,45.7
336,Jon Marchessault\audymjo01,25,C,TBL,45,7,11,18,-10,17,3,4,0,1,8,3,0,81,8.6,544,12:05,9,61,38,41,48.1
337,Tommy Wingels\wingeto01,27,C,SJS,68,7,11,18,-10,63,6,1,0,0,7,2,2,111,6.3,927,13:38,54,203,38,55,40.9
338,Sven Andrighetto\andrisv01,22,RW,MTL,44,7,10,17,1,6,6,1,0,0,9,1,0,74,9.5,621,14:07,17,71,3,4,42.9
339,Phillip Di Giuseppe\digiuph01,22,LW,CAR,41,7,10,17,0,18,7,0,0,1,10,0,0,68,10.3,585,14:16,21,113,7,13,35.0
340,Adam Lowry\lowryad01,22,C,WPG,74,7,10,17,-9,53,7,0,0,2,10,0,0,73,9.6,1037,14:01,48,187,391,454,46.3
341,Milan Michalek\michami01,31,LW,TOT,45,7,9,16,0,18,4,3,0,0,6,3,0,64,10.9,725,16:07,27,42,3,5,37.5
342,Emerson Etem\etemem01,23,RW,TOT,58,7,8,15,-12,11,7,0,0,1,8,0,0,100,7.0,763,13:09,43,87,2,2,50.0
343,Colin Greening\greenco01,29,LW,TOT,31,7,8,15,-2,13,6,1,0,0,7,1,0,58,12.1,437,14:06,10,90,13,8,61.9
344,Pierre-Edouard Bellemare\bellepi01,30,LW,PHI,74,7,7,14,-8,27,6,0,1,1,6,0,1,102,6.9,1004,13:34,61,65,272,307,47.0
345,Ryan Garbutt\garbury01,30,C,TOT,80,7,7,14,-11,48,6,0,1,3,7,0,0,135,5.2,867,10:50,28,165,1,7,12.5
346,Andrew Copp\coppan01,21,C,WPG,77,7,6,13,8,6,7,0,0,0,6,0,0,54,13.0,616,8:00,18,87,224,262,46.1
347,Dwight King\kingdw01,26,LW,LAK,47,7,6,13,-6,24,7,0,0,2,6,0,0,48,14.6,679,14:26,6,73,2,5,28.6
348,Jake Virtanen\virtaja01,19,RW,VAN,55,7,6,13,-7,45,6,1,0,1,6,0,0,94,7.4,636,11:34,22,128,2,3,40.0
349,Ryan Carter\cartery01,32,LW,MIN,60,7,5,12,-3,48,6,0,1,0,5,0,0,62,11.3,668,11:08,37,87,21,17,55.3
350,Kyle Brodziak\brodzky01,31,C,STL,76,7,4,11,-1,37,4,0,3,4,4,0,0,49,14.3,821,10:48,37,50,275,281,49.5
351,Conor Sheary\shearco01,23,LW,PIT,44,7,3,10,-1,8,7,0,0,0,3,0,0,51,13.7,429,9:45,5,15,1,7,12.5
352,Eric Nystrom\nystrer01,32,LW,NSH,46,7,0,7,-6,20,6,0,1,1,0,0,0,27,25.9,528,11:29,26,92,1,1,50.0
353,P.K. Subban\subbapk01,26,D,MTL,68,6,45,51,4,75,4,2,0,0,23,22,0,176,3.4,1793,26:22,80,102,0,0,
354,T.J. Brodie\broditj01,25,D,CGY,70,6,39,45,4,18,4,2,0,1,30,7,2,79,7.6,1768,25:15,104,15,0,0,
355,Michael Stone\stonemi01,25,D,ARI,75,6,30,36,-10,62,6,0,0,1,16,14,0,161,3.7,1687,22:29,143,137,0,2,0.0
356,Brian Campbell\campbbr02,36,D,FLA,82,6,25,31,31,26,5,0,1,1,17,8,0,99,6.1,1827,22:17,80,27,0,0,
357,Andrej Sekera\sekeran01,29,D,EDM,81,6,24,30,-15,12,4,2,0,2,11,12,1,155,3.9,1769,21:50,156,60,0,0,
358,Trevor Daley\daleytr01,32,D,TOT,82,6,22,28,9,34,5,1,0,0,14,8,0,130,4.6,1512,18:26,79,42,0,1,0.0
359,Mikhail Grigorenko\grigomi01,21,C,COL,74,6,21,27,2,8,5,1,0,0,18,3,0,84,7.1,982,13:16,39,23,150,199,43.0
360,Colin Wilson\wilsoco01,26,LW,NSH,64,6,18,24,-1,14,5,1,0,0,18,0,0,108,5.6,925,14:27,25,61,14,21,40.0
361,Mark Streit\streima01,38,D,PHI,62,6,17,23,-1,18,4,2,0,1,11,6,0,110,5.5,1356,21:52,90,28,0,0,
362,Nick Holden\holdeni01,28,D,COL,82,6,16,22,-1,24,6,0,0,0,15,1,0,98,6.1,1794,21:53,118,217,0,0,
363,John-Michael Liles\lilesjo01,35,D,TOT,81,6,15,21,-10,18,4,1,1,1,13,2,0,111,5.4,1645,20:18,127,81,0,0,
364,Jacob Trouba\troubja01,21,D,WPG,81,6,15,21,10,62,5,0,1,0,10,4,1,133,4.5,1787,22:04,177,144,0,1,0.0
365,Alexander Edler\edleral01,29,D,VAN,52,6,14,20,-8,46,3,3,0,0,8,6,0,111,5.4,1272,24:27,106,84,0,0,
366,Curtis Lazar\lazarcu01,20,RW,OTT,76,6,14,20,-1,18,4,1,1,0,10,1,3,78,7.7,1053,13:52,47,118,168,216,43.8
367,Olli Maatta\maattol01,21,D,PIT,67,6,13,19,27,22,6,0,0,2,11,1,1,95,6.3,1337,19:58,87,81,0,0,
368,David Schlemko\schleda01,28,D,NJD,67,6,13,19,-22,16,5,1,0,3,2,11,0,104,5.8,1249,18:39,88,47,0,0,
369,Daniel Winnik\winnida01,30,C,TOT,76,6,13,19,4,38,6,0,0,0,13,0,0,101,5.9,1042,13:43,46,53,8,12,40.0
370,Matt Bartkowski\bartkma01,27,D,VAN,80,6,12,18,-19,50,6,0,0,0,12,0,0,85,7.1,1490,18:37,42,141,0,0,
371,Thomas Hickey\hicketh01,26,D,NYI,62,6,11,17,9,30,6,0,0,2,11,0,0,55,10.9,1079,17:24,90,65,0,0,
372,Connor Murphy\murphco02,22,D,ARI,78,6,11,17,5,48,5,1,0,1,9,2,0,101,5.9,1599,20:30,139,175,0,0,
373,Shane Prince\princsh01,23,LW,TOT,62,6,11,17,5,10,6,0,0,1,11,0,0,88,6.8,696,11:14,14,24,4,1,80.0
374,Matt Stajan\stajama01,32,C,CGY,80,6,11,17,-4,52,4,0,2,0,10,0,1,58,10.3,1016,12:42,45,77,373,415,47.3
375,Shawn Horcoff\horcosh01,37,C,ANA,59,6,9,15,1,34,5,0,1,2,8,0,1,73,8.2,784,13:17,24,58,320,306,51.1
376,Dominic Moore\mooredo01,35,C,NYR,80,6,9,15,-2,32,6,0,0,2,9,0,0,94,6.4,1064,13:18,35,51,476,384,55.3
377,Jack Johnson\johnsja02,29,D,CBJ,60,6,8,14,-16,25,3,3,0,2,5,3,0,86,7.0,1451,24:11,102,98,0,1,0.0
378,Scottie Upshall\upshasc01,32,RW,STL,70,6,8,14,5,44,6,0,0,1,5,0,3,113,5.3,766,10:57,16,92,12,22,35.3
379,Derek MacKenzie\mackede01,34,C,FLA,64,6,7,13,7,36,6,0,0,3,6,0,1,79,7.6,842,13:09,38,154,439,362,54.8
380,William Nylander\nylanwi01,19,C,TOR,22,6,7,13,1,4,5,1,0,1,5,2,0,43,14.0,359,16:20,5,5,143,148,49.1
381,Chris Wideman\widemch01,26,D,OTT,64,6,7,13,4,34,5,1,0,2,6,1,0,87,6.9,893,13:57,71,57,0,0,
382,Beau Bennett\bennebe01,24,RW,PIT,33,6,6,12,-1,10,5,1,0,0,4,2,0,52,11.5,393,11:54,6,65,2,4,33.3
383,Nicolas Deslauriers\deslani01,24,LW,BUF,70,6,6,12,-14,59,6,0,0,1,6,0,0,72,8.3,723,10:20,30,206,0,1,0.0
384,Teemu Pulkkinen\pulkkte01,24,LW,DET,36,6,6,12,2,14,5,1,0,1,4,2,0,65,9.2,416,11:34,8,5,0,1,0.0
385,Chris Thorburn\thorbch01,32,RW,WPG,82,6,6,12,-1,81,5,0,1,2,6,0,0,70,8.6,830,10:07,32,146,68,54,55.7
386,Erik Condra\condrer01,29,RW,TBL,54,6,5,11,-4,34,6,0,0,0,5,0,0,58,10.3,578,10:42,16,20,1,2,33.3
387,Nick Cousins\cousini01,22,C,PHI,36,6,5,11,5,4,6,0,0,1,3,2,0,41,14.6,386,10:44,17,38,109,128,46.0
388,Quinton Howden\howdequ01,24,C,FLA,58,6,5,11,-1,18,6,0,0,0,5,0,0,54,11.1,602,10:22,10,116,3,3,50.0
389,Cedric Paquette\paquece01,22,C,TBL,56,6,5,11,-2,51,5,0,1,1,5,0,0,50,12.0,713,12:44,31,137,141,142,49.8
390,Markus Granlund\granlma01,22,C,TOT,47,6,4,10,-4,14,5,0,1,1,3,0,1,56,10.7,648,13:47,23,31,202,270,42.8
391,Daniel Carr\carrda01,24,LW,MTL,23,6,3,9,0,8,5,1,0,1,3,0,0,39,15.4,278,12:04,5,25,0,0,
392,Richard Panik\panikri01,24,RW,CHI,30,6,2,8,4,6,6,0,0,1,2,0,0,39,15.4,325,10:50,11,54,1,1,50.0
393,Tyler Randell\randety01,24,RW,BOS,27,6,0,6,-2,47,6,0,0,1,0,0,0,18,33.3,189,6:59,8,39,0,0,
394,Keith Yandle\yandlke01,29,D,NYR,82,5,42,47,-4,40,3,2,0,1,22,20,0,160,3.1,1637,19:58,68,43,0,0,
395,Andrei Markov\markoan01,37,D,MTL,82,5,39,44,-6,38,1,4,0,0,26,13,0,117,4.3,1955,23:50,142,57,0,0,
396,Nick Leddy\leddyni01,24,D,NYI,81,5,35,40,-9,25,2,3,0,1,19,16,0,121,4.1,1832,22:37,87,83,0,0,
397,Alex Goligoski\goligal01,30,D,DAL,82,5,32,37,21,34,4,1,0,1,27,4,1,127,3.9,1954,23:50,159,100,0,0,
398,Matt Niskanen\niskama01,29,D,WSH,82,5,27,32,10,38,3,2,0,3,13,14,0,150,3.3,2022,24:40,145,157,0,0,
399,Cam Fowler\fowleca01,24,D,ANA,69,5,23,28,-8,27,2,3,0,0,9,14,0,113,4.4,1572,22:47,112,43,0,0,
400,Travis Hamonic\hamontr01,25,D,NYI,72,5,16,21,-5,35,4,0,1,1,16,0,0,147,3.4,1715,23:49,128,148,0,0,
401,Marco Scandella\scandma01,25,D,MIN,73,5,16,21,6,22,3,2,0,0,14,1,1,126,4.0,1511,20:42,105,66,0,0,
402,Ron Hainsey\hainsro01,34,D,CAR,81,5,14,19,-13,37,5,0,0,2,14,0,0,131,3.8,1808,22:19,126,85,0,0,
403,Kevan Miller\milleke03,28,D,BOS,71,5,13,18,15,53,5,0,0,0,12,1,0,64,7.8,1353,19:04,123,164,0,0,
404,Joseph Blandisi\blandjo01,21,LW,NJD,41,5,12,17,-14,34,1,4,0,1,10,2,0,43,11.6,640,15:36,13,39,11,22,33.3
405,Kevin Connauton\connake01,25,D,TOT,65,5,12,17,7,60,5,0,0,0,9,3,0,109,4.6,1088,16:44,58,100,0,0,
406,Derek Dorsett\dorsede01,29,RW,VAN,71,5,11,16,-13,177,5,0,0,0,10,0,1,91,5.5,894,12:35,44,127,3,7,30.0
407,Justin Fontaine\fontaju01,28,RW,MIN,60,5,11,16,3,20,5,0,0,1,10,0,1,54,9.3,711,11:51,24,9,1,3,25.0
408,Jeff Petry\petryje01,28,D,MTL,51,5,11,16,-6,16,4,1,0,2,4,4,3,98,5.1,1089,21:21,73,86,1,0,100.0
409,Tom Kuhnhackl\kuhnhto01,24,RW,PIT,42,5,10,15,3,24,3,0,2,1,10,0,0,52,9.6,512,12:12,32,57,0,3,0.0
410,Josh Manson\mansojo01,24,D,ANA,71,5,10,15,11,74,5,0,0,1,10,0,0,88,5.7,1334,18:47,67,158,0,0,
411,Radko Gudas\gudasra01,25,D,PHI,76,5,9,14,-3,116,5,0,0,1,9,0,0,150,3.3,1508,19:51,157,304,0,0,
412,David Legwand\legwada01,35,C,BUF,79,5,9,14,-4,14,4,0,1,0,7,1,1,61,8.2,767,9:42,18,28,196,231,45.9
413,Chris Neil\neilch01,36,RW,OTT,80,5,8,13,-3,165,5,0,0,0,8,0,0,70,7.1,744,9:18,12,215,1,1,50.0
414,Iiro Pakarinen\pakarii01,24,RW,EDM,63,5,8,13,-10,8,5,0,0,0,6,2,0,76,6.6,677,10:45,21,152,5,8,38.5
415,Radek Faksa\faksara01,22,C,DAL,45,5,7,12,9,16,5,0,0,1,6,1,0,67,7.5,556,12:21,33,48,197,204,49.1
416,Matt Hendricks\hendrma01,34,LW,EDM,68,5,7,12,2,82,4,0,1,0,6,0,1,62,8.1,900,13:14,68,175,251,202,55.4
417,Marc Methot\methoma01,30,D,OTT,69,5,7,12,12,34,5,0,0,0,7,0,0,74,6.8,1425,20:39,90,124,0,0,
418,Jason Garrison\garrija01,31,D,TBL,72,5,6,11,-4,18,5,0,0,1,6,0,0,99,5.1,1329,18:28,105,88,0,0,
419,Adam Cracknell\crackad01,30,RW,TOT,52,5,5,10,-1,20,5,0,0,1,5,0,0,68,7.4,636,12:14,25,124,156,239,39.5
420,Marko Da?o\danoma01,21,C,TOT,34,5,5,10,-7,10,5,0,0,0,4,1,0,54,9.3,417,12:15,15,62,2,4,33.3
421,Landon Ferraro\ferrala01,24,C,TOT,68,5,5,10,-11,27,5,0,0,1,5,0,0,77,6.5,722,10:37,29,101,29,57,33.7
422,Miikka Salomaki\salommi01,22,RW,NSH,61,5,5,10,-1,28,5,0,0,1,4,0,1,61,8.2,732,12:00,30,164,2,1,66.7
423,Brandon Sutter\suttebr03,26,C,VAN,20,5,4,9,3,2,3,1,1,2,4,0,0,45,11.1,360,17:59,10,12,146,132,52.5
424,Logan Shaw\shawlo01,24,RW,FLA,53,5,2,7,-7,13,4,1,0,1,2,0,0,72,6.9,649,12:14,20,88,16,21,43.2
425,Scott Wilson\wilsosc01,23,LW,PIT,24,5,1,6,0,12,5,0,0,1,1,0,0,39,12.8,256,10:41,6,38,0,0,
426,Josh Leivo\leivojo01,22,LW,TOR,12,5,0,5,2,6,4,1,0,1,0,0,0,20,25.0,148,12:19,3,7,1,1,50.0
427,Torey Krug\krugto01,24,D,BOS,81,4,40,44,9,33,3,1,0,1,22,18,0,244,1.6,1751,21:37,94,61,2,0,100.0
428,Dion Phaneuf\phanedi01,30,D,TOT,71,4,28,32,-7,90,4,0,0,0,17,9,2,144,2.8,1587,22:21,89,168,0,0,
429,Ryan Murray\murrary01,22,D,CBJ,82,4,21,25,-10,40,3,1,0,0,11,10,0,90,4.4,1873,22:51,171,51,0,0,
430,David Savard\savarda01,25,D,CBJ,65,4,21,25,-7,45,3,1,0,0,16,4,1,122,3.3,1506,23:10,111,122,0,0,
431,Justin Braun\braunju01,28,D,SJS,80,4,19,23,11,36,4,0,0,0,18,1,0,114,3.5,1645,20:34,140,95,0,0,
432,Noah Hanifin\hanifno01,19,D,CAR,79,4,18,22,-14,22,3,1,0,0,12,6,0,122,3.3,1414,17:54,78,67,0,0,
433,Karl Alzner\alzneka01,27,D,WSH,82,4,17,21,14,26,4,0,0,1,17,0,0,75,5.3,1753,21:23,207,135,0,0,
434,Johnny Oduya\oduyajo01,34,D,DAL,82,4,17,21,8,26,3,0,1,0,16,0,1,63,6.3,1671,20:23,172,73,0,0,
435,Andrej Sustr\sustran01,25,D,TBL,77,4,17,21,-2,30,4,0,0,1,17,0,0,65,6.2,1296,16:50,66,29,0,0,
436,John Moore\moorejo01,25,D,NJD,73,4,15,19,-12,28,3,1,0,3,10,5,0,106,3.8,1448,19:50,83,93,0,0,
437,Kris Russell\russekr01,28,D,TOT,62,4,15,19,-5,10,2,2,0,1,13,2,0,70,5.7,1431,23:05,210,40,0,1,0.0
438,Micheal Ferland\ferlami01,23,LW,CGY,71,4,14,18,-15,45,3,1,0,0,13,1,0,122,3.3,896,12:37,22,207,7,5,58.3
439,Justin Schultz\schulju01,25,D,TOT,63,4,14,18,-15,16,2,2,0,0,8,6,0,82,4.9,1162,18:27,72,36,0,2,0.0
440,Chris Tanev\tanevch01,26,D,VAN,69,4,14,18,-8,8,2,2,0,0,12,1,1,42,9.5,1501,21:45,166,18,0,0,
441,Cody Franson\fransco01,28,D,BUF,59,4,13,17,-5,26,3,1,0,1,7,6,0,92,4.3,993,16:50,56,61,0,0,
442,Brett Pesce\pescebr01,21,D,CAR,69,4,12,16,-7,16,3,1,0,1,8,4,0,85,4.7,1295,18:46,83,30,0,1,0.0
443,Luke Schenn\schenlu01,26,D,TOT,72,4,12,16,-2,82,3,1,0,0,12,0,0,76,5.3,1265,17:34,106,234,1,1,50.0
444,Marek Zidlicky\zidlima01,38,D,NYI,53,4,12,16,5,20,4,0,0,1,8,4,0,48,8.3,826,15:35,68,39,0,0,
445,Kevin Bieksa\biekske01,34,D,ANA,71,4,11,15,-7,99,2,2,0,1,7,4,0,109,3.7,1492,21:01,108,152,0,0,
446,Linden Vey\veyli01,24,RW,VAN,41,4,11,15,-14,6,1,3,0,0,9,2,0,40,10.0,646,15:45,9,4,193,256,43.0
447,Jacob Josefson\josefja01,24,C,NJD,58,4,10,14,-21,20,1,3,0,1,1,8,1,86,4.7,900,15:31,40,67,323,344,48.4
448,Jake McCabe\mccabja01,22,D,BUF,77,4,10,14,6,51,4,0,0,0,10,0,0,62,6.5,1472,19:07,109,114,0,2,0.0
449,Michael Del Zotto\delzomi01,25,D,PHI,52,4,9,13,-8,16,4,0,0,1,8,1,0,98,4.1,1217,23:25,104,140,0,0,
450,Andy Greene\greenan01,33,D,NJD,82,4,9,13,7,26,3,1,0,0,8,1,0,63,6.3,1882,22:57,154,73,0,0,
451,Dmitrij Jaskin\jaskidm01,22,RW,STL,65,4,9,13,3,26,4,0,0,1,9,0,0,92,4.3,771,11:52,16,126,8,20,28.6
452,Josh Jooris\joorijo01,25,C,CGY,59,4,9,13,-1,39,4,0,0,0,7,0,2,80,5.0,725,12:17,33,62,114,143,44.4
453,Kyle Chipchura\chipcky01,29,C,ARI,70,4,8,12,-10,38,4,0,0,1,7,1,0,47,8.5,716,10:13,13,73,88,80,52.4
454,Oscar Klefbom\klefbos01,22,D,EDM,30,4,8,12,-4,6,4,0,0,1,5,3,0,48,8.3,657,21:53,62,21,0,0,
455,Evgeny Medvedev\medveev01,33,D,PHI,45,4,8,12,5,34,3,1,0,1,6,2,0,71,5.6,847,18:50,34,38,0,0,
456,Brandon Davidson\davidbr01,24,D,EDM,51,4,7,11,7,20,2,2,0,0,6,0,1,63,6.3,979,19:12,92,74,0,0,
457,Andreas Martinsen\martian01,25,LW,COL,55,4,7,11,-4,47,4,0,0,1,7,0,0,52,7.7,610,11:06,27,155,1,3,25.0
458,Kyle Quincey\quincky01,30,D,DET,47,4,7,11,1,36,4,0,0,2,7,0,0,62,6.5,929,19:46,62,49,0,0,
459,Bryan Rust\rustbr01,23,RW,PIT,41,4,7,11,1,12,4,0,0,1,6,1,0,68,5.9,512,12:30,23,62,1,3,25.0
460,Joel Armia\armiajo01,22,RW,WPG,43,4,6,10,2,12,4,0,0,1,4,0,2,52,7.7,523,12:10,20,59,0,2,0.0
461,Phillip Danault\danauph01,22,C,TOT,51,4,6,10,-5,14,4,0,0,1,6,0,0,72,5.6,651,12:45,28,45,247,272,47.6
462,Jonathan Drouin\drouijo01,20,LW,TBL,21,4,6,10,1,4,4,0,0,1,4,2,0,25,16.0,303,14:27,2,18,9,10,47.4
463,Brian Flynn\flynnbr01,27,C,MTL,56,4,6,10,-3,6,3,0,1,0,5,0,1,73,5.5,657,11:44,33,23,200,146,57.8
464,Ben Lovejoy\lovejbe01,31,D,PIT,66,4,6,10,9,30,4,0,0,0,5,0,1,90,4.4,1245,18:52,104,154,0,0,
465,Dennis Rasmussen\rasmude01,25,C,CHI,44,4,5,9,9,4,4,0,0,1,5,0,0,42,9.5,403,9:10,20,36,144,163,46.9
466,Jarret Stoll\stollja01,33,C,TOT,80,4,5,9,-1,36,4,0,0,0,5,0,0,49,8.2,974,12:11,69,117,481,362,57.1
467,Jordin Tootoo\tootojo01,32,RW,NJD,66,4,5,9,-26,102,2,2,0,0,2,3,0,90,4.4,761,11:32,18,99,0,2,0.0
468,Oliver Bjorkstrand\bjorkol01,20,RW,CBJ,12,4,4,8,6,0,4,0,0,1,4,0,0,25,16.0,192,15:59,5,9,0,0,
469,Tanner Glass\glassta01,32,LW,NYR,57,4,3,7,-3,66,4,0,0,0,3,0,0,49,8.2,586,10:17,18,224,6,14,30.0
470,Chris Porter\portech01,31,LW,MIN,61,4,3,7,-6,6,4,0,0,0,3,0,0,45,8.9,588,9:38,12,157,0,1,0.0
471,Zach Hyman\hymanza01,23,C,TOR,16,4,2,6,0,18,4,0,0,0,2,0,0,37,10.8,251,15:41,8,31,1,2,33.3
472,Tomas Jurco\jurcoto01,23,RW,DET,44,4,2,6,-6,16,4,0,0,0,2,0,0,43,9.3,404,9:11,4,50,1,0,100.0
473,Ty Rattie\rattity01,22,RW,STL,13,4,2,6,1,4,4,0,0,0,2,0,0,16,25.0,121,9:17,2,6,0,0,
474,Colton Sissons\sissoco01,22,C,NSH,34,4,2,6,5,12,4,0,0,0,2,0,0,25,16.0,339,9:58,20,35,141,111,56.0
475,Chris Wagner\wagnech01,24,RW,TOT,43,4,2,6,-2,28,4,0,0,1,2,0,0,55,7.3,394,9:09,27,95,148,126,54.0
476,Brandon Mashinter\mashibr01,27,LW,CHI,41,4,1,5,-7,23,4,0,0,0,1,0,0,25,16.0,307,7:30,3,62,0,0,
477,Mason Raymond\raymoma01,30,LW,CGY,29,4,1,5,-3,8,4,0,0,0,1,0,0,53,7.5,358,12:20,7,12,3,4,42.9
478,Seth Jones\jonesse01,21,D,TOT,81,3,28,31,-14,22,2,1,0,0,15,12,1,157,1.9,1788,22:05,118,86,0,0,
479,Niklas Kronwall\kronwni01,35,D,DET,64,3,23,26,-21,30,3,0,0,2,9,14,0,61,4.9,1409,22:01,81,93,0,0,
480,Paul Martin\martipa01,34,D,SJS,78,3,17,20,13,22,2,1,0,0,16,1,0,49,6.1,1617,20:44,123,54,0,0,
481,Jay Bouwmeester\bouwmja01,32,D,STL,72,3,16,19,-4,18,2,1,0,0,15,1,0,105,2.9,1664,23:07,110,71,0,0,
482,Adam Larsson\larssad01,23,D,NJD,82,3,15,18,15,77,3,0,0,1,14,0,1,65,4.6,1846,22:31,148,163,0,0,
483,Tyler Kennedy\kennety01,29,C,NJD,50,3,13,16,-14,14,2,1,0,0,8,5,0,72,4.2,671,13:26,9,35,23,35,39.7
484,Colin Miller\milleco02,23,D,BOS,42,3,13,16,0,39,3,0,0,0,8,5,0,59,5.1,663,15:48,36,45,0,0,
485,Jonathan Ericsson\ericsjo01,31,D,DET,71,3,12,15,2,56,3,0,0,0,12,0,0,68,4.4,1316,18:32,48,121,0,0,
486,Brendan Smith\smithbr05,26,D,DET,63,3,12,15,1,62,2,1,0,0,12,0,0,82,3.7,1109,17:36,42,94,0,0,
487,Trevor van Riemsdyk\vanritr01,24,D,CHI,82,3,11,14,-5,31,3,0,0,1,8,2,1,85,3.5,1639,19:59,155,44,0,0,
488,Dan Hamhuis\hamhuda01,33,D,VAN,58,3,10,13,-2,28,2,1,0,1,8,2,0,72,4.2,1242,21:25,72,64,0,0,
489,Nick Spaling\spalini01,27,C,TOT,58,3,10,13,-2,24,3,0,0,0,10,0,0,53,5.7,828,14:17,45,65,309,292,51.4
490,Jordie Benn\bennjo01,28,D,DAL,64,3,9,12,2,21,2,1,0,2,8,0,1,58,5.2,1001,15:39,94,90,0,0,
491,Deryk Engelland\engelde01,33,D,CGY,69,3,9,12,7,54,3,0,0,0,8,0,1,71,4.2,1051,15:14,107,105,0,0,
492,Gregory Campbell\campbgr01,32,C,CBJ,82,3,8,11,-6,78,3,0,0,2,8,0,0,58,5.2,866,10:34,56,100,229,253,47.5
493,Tyler Ennis\ennisty01,26,C,BUF,23,3,8,11,-9,11,1,2,0,0,6,2,0,57,5.3,416,18:04,8,30,2,0,100.0
494,Jay McClement\mccleja01,32,C,CAR,77,3,8,11,-17,24,2,0,1,0,8,0,0,64,4.7,893,11:36,31,79,375,303,55.3
495,Darnell Nurse\nurseda01,20,D,EDM,69,3,7,10,-13,60,3,0,0,0,5,1,1,120,2.5,1396,20:14,103,160,0,0,
496,Brooks Orpik\orpikbr01,35,D,WSH,41,3,7,10,11,24,3,0,0,1,7,0,0,31,9.7,812,19:49,102,125,0,0,
497,Nick Shore\shoreni01,23,C,LAK,68,3,7,10,-10,32,3,0,0,1,5,2,0,90,3.3,844,12:24,17,97,384,357,51.8
498,Austin Watson\watsoau01,24,LW,NSH,57,3,7,10,-4,32,3,0,0,0,7,0,0,55,5.5,570,10:00,45,74,6,7,46.2
499,Kyle Clifford\cliffky01,25,LW,LAK,56,3,6,9,-1,55,3,0,0,0,6,0,0,68,4.4,524,9:21,11,111,3,4,42.9
500,Ryan Dzingel\dzingry01,23,LW,OTT,30,3,6,9,4,11,3,0,0,0,6,0,0,23,13.0,324,10:48,4,54,2,2,50.0